,Season,EpisodeTitle,About,Ratings,Votes,Viewership,Duration,Date,GuestStars,Director,Writers
0,1,Pilot,"The premiere episode introduces the boss and staff of the Dunder-Mifflin Paper Company in Scranton, Pennsylvania in a documentary about the workplace.",7.5,4936,11.2,23, 24 March 2005,,Ken Kwapis,Ricky Gervais |Stephen Merchant and Greg Daniels
1,1,Diversity Day,"Michael's off color remark puts a sensitivity trainer in the office for a presentation, which prompts Michael to create his own.",8.3,4801,6,23, 29 March 2005,,Ken Kwapis,B. J. Novak
2,1,Health Care,"Michael leaves Dwight in charge of picking the new healthcare plan for the staff, with disastrous results ahead.",7.8,4024,5.8,22, 5 April 2005,,Ken Whittingham,Paul Lieberstein
3,1,The Alliance,"Just for a laugh, Jim agrees to an alliance with Dwight regarding the downsizing rumors.",8.1,3915,5.4,23, 12 April 2005,,Bryan Gordon,Michael Schur
4,1,Basketball,Michael and his staff challenge the warehouse workers to a basketball game with a bet looming over both parties.,8.4,4294,5,23, 19 April 2005,,Greg Daniels,Greg Daniels
5,1,Hot Girl,Michael is just one of the many male staff who start vying for the attention of an attractive saleswoman in the office.,7.7,3854,4.8,23, 26 April 2005,Amy Adams,Amy Heckerling,Mindy Kaling
6,2,The Dundies,"Very much unlike his staff, an overeager Michael can't wait for this year's annual Dundies awards.",8.7,4315,9,21, 20 September 2005,,Greg Daniels,Mindy Kaling
7,2,Sexual Harassment,The office reviews its sexual harassment policy in light of explicit e-mails.,8.2,3665,7.13,22, 27 September 2005,,Ken Kwapis,B. J. Novak
8,2,Office Olympics,"Ready to finalize his deal for a new condo, Michael is away with Dwight while Jim rallies the staff together for office games.",8.4,3665,8.3,22, 4 October 2005,Nancy Carell,Paul Feig,Michael Schur
9,2,The Fire,A fire in the kitchen relegates the staff to the parking lot as help is on its way.,8.4,3607,7.6,22, 11 October 2005,Amy Adams,Ken Kwapis,B. J. Novak
10,2,Halloween,"Michael is pressured by corporate to fire someone, which puts a damper on the office Halloween party.",8.1,3392,8,30, 18 October 2005,,Paul Feig,Greg Daniels
11,2,The Fight,Jim rallies the staff together to witness a showdown between Michael and Dwight at Dwight's martial arts school.,8.1,3388,7.9,22, 1 November 2005,,Ken Kwapis,Gene Stupnitsky | Lee Eisenberg
12,2,The Client,"With Michael and Jan Levinson-Gould away from the office to land a new client, the staff discovers an unproduced screenplay in Michael's office.",8.6,3533,7.5,22, 8 November 2005,Tim Meadows,Greg Daniels,Paul Lieberstein
13,2,Performance Review,"Instead of talking to his employees about their work, Michael uses their annual review time to gather feedback on his ""relationship"" with Jan.",8.2,3216,8,22, 15 November 2005,,Paul Feig,Larry Wilmore
14,2,E-Mail Surveillance,"Michael decides to set up e-mail surveillance for all company e-mail, and discovers that Jim has invited everyone over for a barbeque except him.",8.4,3338,8.1,23, 22 November 2005,Ken Jeong,Paul Feig,Jennifer Celotta
15,2,Christmas Party,"Seeing the party is headed for disastrous boredom, Michael breaks corporate policy to buy alcohol for the staff.",8.9,3663,9.7,22, 6 December 2005,,Charles McDougall,Michael Schur
16,2,Booze Cruise,"The Dunder Mifflin staff go on a mandatory ""booze cruise"" to hear Michael give a motivational talk.",8.6,3536,8.7,22, 5 January 2006,Rob Riggle,Ken Kwapis,Greg Daniels
17,2,The Injury,"Michael's ""injury"" from a George Foreman Grill distracts the staff from Dwight, the one with the real injury.",9.1,4314,10.3,22, 12 January 2006,,Bryan Gordon,Mindy Kaling
18,2,The Secret,"Jim fears the secret he told to Michael, in confidence, will be revealed to the staff.",8.3,3142,8.7,22, 19 January 2006,,Dennie Gordon,Lee Eisenberg | Gene Stupnitsky
19,2,The Carpet,Michael's office becomes the victim of an odorous prank which subjects the office to his punishment.,7.8,3118,8.6,22, 26 January 2006,,Victor Nelli Jr.,Paul Lieberstein
20,2,Boys and Girls,"Jan comes into the Scranton Branch to give all the female employees a group seminar on women in the workplace. Upset that he is not allowed in on the proceedings, Michael takes all the men ...
                    See full summaryÃƒâ€šÃ‚Â Ãƒâ€šÃ‚Â»",8.2,3091,5.42,22, 2 February 2006,,See full summary,B. J. Novak
21,2,Valentine's Day,"When Michael visits Dunder Mifflin corporate headquarters in New York on Valentine's Day, he and Jan are both in for a surprise. Meanwhile, back in Scranton, the office staff celebrates Valentine's Day grade school style.",8.3,3104,8.95,22, 9 February 2006,Conan O'Brien,Greg Daniels,Michael Schur
22,2,Dwight's Speech,Michael coaches pompous Dwight on the finer art of public speaking after being named as Salesman of the Year.,8.5,3283,8.4,22, 2 March 2006,,Charles McDougall,Paul Lieberstein
23,2,Take Your Daughter to Work Day,"A routine office day is changed when children come to Dunder Mifflin for ""Take Your Daughter to Work Day."" Michael is surprised when he strikes up a friendship with the five-year old ...
                    See full summaryÃƒâ€šÃ‚Â Ãƒâ€šÃ‚Â»",8.3,3212,8.8,21, 16 March 2006,,See full summary,Mindy Kaling
24,2,Michael's Birthday,"In celebration of his birthday, Michael makes a mandatory invite of the staff during the workday to go ice skating.",8.1,3094,7.8,22, 30 March 2006,,Ken Whittingham,Gene Stupnitsky | Lee Eisenberg
25,2,Drug Testing,Dwight plays the role of Volunteer Sheriff after finding half a joint in the Dunder Mifflin parking lot leading to an investigation. Pam gives Jim a play challenge which he tries to complete.,8.4,3172,7.8,22, 27 April 2006,,Greg Daniels,Jennifer Celotta
26,2,Conflict Resolution,"When Michael takes over conflict resolution duties from HR, chaos ensues at Dunder Mifflin.",8.7,3253,7.4,22, 4 May 2006,,Charles McDougall,Greg Daniels
27,2,Casino Night,The Dunder Mifflin crew holds a casino party at the warehouse and Michael has two dates.,9.4,4765,7.6,29, 11 May 2006,,Ken Kwapis,Steve Carell
28,3,Gay Witch Hunt,"Michael apologizes to Oscar, after he finds out he's gay, for calling him a homosexual slur--but his apology outs Oscar to the entire office. And Jim decides to take a promotion at the Stamford office.",9,4133,9.11,23, 21 September 2006,,Ken Kwapis,Greg Daniels
29,3,The Convention,"Michael and Dwight go to a convention in Philadelphia and run into Jim, and Michael becomes jealous of Jim's relationship with his new boss. Meanwhile, Pam gets ready for her first date since her engagement.",8.2,3027,7.78,22, 28 September 2006,Jerome Bettis,Ken Whittingham,Gene Stupnitsky | Lee Eisenberg
30,3,The Coup,"Michael is in trouble once again as Jan busts him for declaring it's ""Movie Monday"" where everyone watches a movie and neglects work. Angela pushes Dwight to make a move on Michael's job while Pam and Jim find creative ways to waste time.",8.5,3175,8.89,22, 5 October 2006,,Greg Daniels,Paul Lieberstein
31,3,Grief Counseling,Michael takes on the role of office grief counselor when he learns that his old boss has died.,8,3049,8.83,22, 12 October 2006,,Roger Nygard,Jennifer Celotta
32,3,Initiation,Dwight takes former temp Ryan to his beet farm to initiate Ryan to his new job at Dunder Mifflin.,8.1,2976,8.46,22, 19 October 2006,,Randall Einhorn,B. J. Novak
33,3,Diwali,"Michael encourages the entire Scranton branch to support Kelly and attend a local celebration of Diwali, the Hindu Festival of Lights. Meanwhile, Andy convinces Jim to turn a late night of work into a drinking game.",7.9,3082,8.81,22, 2 November 2006,,Miguel Arteta,Mindy Kaling
34,3,Branch Closing,"When Jan tells Michael that the Scranton Branch will be shutting down, Michael strives to keep his staff's spirits up. Meanwhile, everyone privately begins to envision how their lives will change in the aftermath.",8.6,3021,8.05,31, 9 November 2006,,Tucker Gates,Michael Schur
35,3,The Merger,Jan informs Michael that the Scanton branch of Dunder Mifflin will be merging with the Stamford Branch. Jim and Pam are reunited while the other employees of both branches must adjust to their new co-workers.,8.7,3166,8.63,30, 16 November 2006,,Ken Whittingham,Brent Forrester
36,3,The Convict,"Michael learns that one of the new employees at Dunder Mifflin Scranton has a criminal record. Meanwhile, Jim helps Andy make a move on Pam.",8.3,3151,9.07,30, 30 November 2006,,Jeffrey Blitz,Ricky Gervais | Stephen Merchant
37,3,A Benihana Christmas,"Trouble among the members of the party planning committee results with Pam and Karen hosting a rival Christmas party, but Michael isn't interested in celebrating after being dumped by Carol.",8.8,3343,8.44,42, 14 December 2006,,Harold Ramis,Jennifer Celotta
38,3,Back from Vacation,"Michael isn't supposed to let anyone know that he and Jan went on vacation together in Jamaica, but he accidentally circulates a compromising photo of them to the office via e-mail.",8.5,3001,8.8,21, 4 January 2007,,Julian Farino,Justin Spitzer
39,3,Traveling Salesmen,"Dwight does a favor for Angela to keep her from getting in trouble. Andy finds out and uses it against him to get in tighter with Michael. Now Dwight must fess up, which will reveal his relationship with Angela, or risk getting fired.",8.6,3053,10.12,22, 11 January 2007,,Greg Daniels,Michael Schur | Lee Eisenberg | Gene Stupnitsky
40,3,The Return,"Andy does the impossible--he makes everyone in the office miss Dwight, who is forced to take a job at Staples. Meanwhile, Oscar comes back to the office and Michael predictably throws a stereotypical Mexican party to celebrate.",8.8,3211,10.2,28, 18 January 2007,,Greg Daniels,Lee Eisenberg | Gene Stupnitsky | Michael Schur
41,3,Ben Franklin,"Michael asks Jim to get a male stripper for Phyllis's office bachelorette party, but he gets a Ben Franklin impersonator instead. Meanwhile, the men's bachelor party goes as planned until Michael becomes uncomfortable with the stripper.",8.1,2975,10.11,21, 1 February 2007,,Randall Einhorn,Mindy Kaling
42,3,Phyllis' Wedding,"Michael exaggerates the importance of his small role in Phyllis's wedding and makes an ass out of himself, and Pam notices that Phyllis stole all of her wedding ideas from her original wedding plans.",8.2,2995,8.84,21, 8 February 2007,,Ken Whittingham,Caroline Williams
43,3,Business School,"Michael is a guest speaker for Ryan's business class, but they have a falling-out after Michael finds out that Ryan spoke negatively about Dunder-Mifflin. And back at the office, Dwight tries to kill a bat that he found in the ceiling.",8.9,3460,8.84,22, 15 February 2007,,Joss Whedon,Brent Forrester
44,3,Cocktails,"While Michael and Jan go to their first Dunder Mifflin outing as an official couple, the office workers left behind go out for happy hour. During happy hour, Roy finds out that Jim and Pam kissed at Casino Night.",8.5,2969,8.3,21, 22 February 2007,,J.J. Abrams,Paul Lieberstein
45,3,The Negotiation,"Dwight saves Jim from an attack by Roy, but Dwight won't allow Jim to thank him for it. Meanwhile, Darryl asks Michael for a pay raise, and Michael discovers that he is woefully underpaid--so Michael goes to headquarters to ask for one himself.",9,3368,6.74,30, 5 April 2007,,Jeffrey Blitz,Michael Schur
46,3,Safety Training,"Andy returns to the office after weeks of anger management training, determined to make a fresh start with all the Dunder-Mifflin employees. Meanwhile, it's safety training day in the office, and Michael and Dwight are on a mission to illuminate the dangers of the workplace.",8.8,3164,7.71,21, 12 April 2007,,Harold Ramis,B. J. Novak
47,3,Product Recall,"Michael tries to be proactive during a watermark crisis, but only makes the situation worse. Meanwhile, Angela has trouble being apologetic with customers, and Andy discovers a secret about his new girlfriend.",8.7,3138,7.56,21, 26 April 2007,,Randall Einhorn,Justin Spitzer | Brent Forrester
48,3,Women's Appreciation,"Phyllis gets flashed in the parking lot, and Dwight goes all out to secure the premises. Michael ostensibly takes the women in the office to the mall to comfort them, but he's really doing it to get advice about breaking up with Jan.",8.8,3158,7,29, 3 May 2007,,Tucker Gates,Gene Stupnitsky | Lee Eisenberg
49,3,Beach Games,"Michael uses ""beach day"" at Dunder-Mifflin to find out which employee would be his most capable replacement, just in case he receives the promotion to the New York office that he's applied for.",9.2,3641,7.2,28, 10 May 2007,,Harold Ramis,Jennifer Celotta | Greg Daniels
50,3,The Job,"Michael appoints Dwight as regional manager, anticipating that he will receive the job at corporate. Jim and Karen also interview for the same position. And Michael gets back together with Jan after she gets a boob job.",9.3,3898,7.88,42, 17 May 2007,,Ken Kwapis,Paul Lieberstein | Michael Schur
51,4,Fun Run,"Michael accidentally runs over Meridith in the parking lot, and his guilt causes him to organize a 5-K run for her. Dwight and Angela have a falling-out after he kills her cat, and Jim and Pam's relationship is discovered.",8.8,3635,9.7,42, 27 September 2007,,Greg Daniels,Greg Daniels
52,4,Dunder Mifflin Infinity,"Michael feels threatened when Ryan returns to the Scranton office to share his ideas about the future of Dunder Mifflin. Jim and Pam's relationship is shared with the entire office, while Angela and Dwight's relationship is on the rocks.",8.3,2934,8.49,42, 4 October 2007,,Craig Zisk,Michael Schur
53,4,Launch Party,"The Dunder Mifflin Infinity website is launching and Michael is excited about going to the big launch party in New York while Angela plans a satellite party for the Scranton branch. ...
                    See full summaryÃƒâ€šÃ‚Â Ãƒâ€šÃ‚Â»",8.4,2844,8.91,42, 11 October 2007,Kevin McHale,See full summary,Jennifer Celotta
54,4,Money,"As Jan renovates the condo, Michael confronts his growing debt every way he can, which includes pressuring his employees for a loan. Pam and Jim spend a night out on Dwight's family beet farm, now a bed and breakfast.",8.7,3073,8.5,42, 18 October 2007,,Paul Lieberstein,Paul Lieberstein
55,4,Local Ad,"Michael tries to make a local Dunder Mifflin commercial that is better than the one the professional ad agency made for them. Meanwhile, Andy tries to confide in Dwight about his new relationship with Angela.",8.8,3125,8.98,22, 25 October 2007,,Jason Reitman,B. J. Novak
56,4,Branch Wars,"Michael and Dwight try to play a prank on Karen, who is now manager of the Utica branch, after she tries to steal Stanley from the Scranton office. Meanwhile, Pam, Toby, and Oscar start their own exclusive office book club.",8.5,2878,8.39,30, 1 November 2007,,Joss Whedon,Mindy Kaling
57,4,Survivor Man,"After Michael isn't invited to a camping trip with Ryan, he sets out to prove that he can brave it out in the wilderness by himself. Jim, who is in charge of the office while Michael is gone, tries to change the birthday party policy.",8.2,2775,8.29,30, 8 November 2007,,Paul Feig,Steve Carell
58,4,The Deposition,"Michael is put in an awkward position when Jan sues Dunder Mifflin for wrongful termination and he is deposed as a witness. Meanwhile, Kelly begins smack-talking Pam after Darryl beats Jim at Ping-Pong.",8.7,2923,8.86,30, 15 November 2007,,Julian Farino,Lester Lewis
59,4,Dinner Party,"Michael invites Jim and Pam and Andy and Angela to a couples-only dinner party, which makes Dwight very jealous. However, the only thing he's missing is a ringside seat to witness Michael and Jan's extremely dysfunctional home life.",9.5,5601,9.22,30, 10 April 2008,,Paul Feig,Gene Stupnitsky | Lee Eisenberg
60,4,Chair Model,"Kevin and Andy team up to reclaim the stolen Dunder Mifflin parking spaces, which forces them into a showdown with the other four bosses of the office park. Meanwhile, Michael becomes fascinated by a woman modeling chairs in a catalog.",8,2757,9.81,30, 17 April 2008,,Jeffrey Blitz,B. J. Novak
61,4,Night Out,"Michael and Dwight go to New York to party with Ryan, who is having lots of personal and professional problems. The rest of the office employees work late, and wind up getting locked in the business park.",8.6,2872,7.56,21, 24 April 2008,,Ken Whittingham,Mindy Kaling
62,4,Did I Stutter?,"Michael tries to figure out how to respond to Stanley's insubordination during a meeting, and Dwight buys Andy's vehicle and immediately flips it for more money.",8.3,2756,7.67,22, 1 May 2008,,Randall Einhorn,Brent Forrester | Justin Spitzer
63,4,Job Fair,"Dunder-Mifflin participates in a high school job fair, but few students are interested. Jim, Andy, and Kevin play a round of golf with a prospective client. Back at the office, everyone but Dwight and Angela leave for the day.",7.8,2627,7.22,30, 8 May 2008,,Tucker Gates,Lee Eisenberg | Gene Stupnitsky
64,4,"Goodbye, Toby","Michael throws an extravagant going-away party for Toby, and falls in love with the woman who is replacing him. Jim plans to propose to Pam at the party, but gets out-staged. Back at corporate, Ryan is arrested for fraud.",9.3,3939,8.07,42, 15 May 2008,,Paul Feig,Jennifer Celotta | Paul Lieberstein
65,5,Weight Loss,"Michael tries to motivate the Scranton branch to lose weight as part of an interoffice competition. Jim is lost after Pam leaves for art school in New York, and Angela continues to see Dwight even though she is now engaged to Andy.",8.8,3264,9.2,43, 25 September 2008,,Paul Feig,Lee Eisenberg | Gene Stupnitsky
66,5,Business Ethics,A confession at an H.R. business ethics seminar leads to a dispute between Michael and Holly over whether Meredith should be fired. Dwight tries to prove to Jim how long he can go without taking a personal break.,8.3,2654,8.99,22, 9 October 2008,Wendi McLendon-Covey,Jeffrey Blitz,Ryan Koh
67,5,Baby Shower,"After planning an office baby shower for Jan, Michael is upset when he finds out that she had the baby without him--even though he's already been told that he's not the baby's father.",8,2621,8.07,22, 16 October 2008,,Greg Daniels,Aaron Shure
68,5,Crime Aid,"Michael and Holly have sex for the first time, and Michael holds a fund-raiser for the office after it is burglarized. Dwight confides in Phyllis after Andy and Angela set a wedding date, and Jim runs into Pam's ex-fiancÃƒÆ’Ã‚Â©, Roy.",8.1,2525,7.74,30, 23 October 2008,,Jennifer Celotta,Charlie Grandy
69,5,Employee Transfer,Holly is transferred back to New Hampshire after corporate discovers that she and Michael are dating. Dwight tries to apply to Cornell to get under Andy's skin. Jim's brothers and Pam decide to play a trick on Jim when they meet for lunch.,8,2600,9.32,22, 30 October 2008,,David Rogers,Anthony Q. Farrell
70,5,Customer Survey,"Dwight and Jim believe that something is suspicious about their low customer performance ratings. After consulting with Angela, Andy finds the perfect site for their wedding--Dwight's beet farm.",8.5,2717,8.35,22, 6 November 2008,,Stephen Merchant,Lester Lewis
71,5,Business Trip,"David Wallace sends Michael on a business trip to Winnipeg to help him forget about Holly's transfer to Nashua, and Pam tells Jim that she failed a class and has to stay in New York City.",8.2,2516,8.18,30, 13 November 2008,,Randall Einhorn,Brent Forrester
72,5,Frame Toby,"When Michael discovers that corporate has brought back Toby to replace Holly, he tries to frame him with drugs and to get him fired. Meanwhile, Pam has issues with the disgusting microwave....
                    See full summaryÃƒâ€šÃ‚Â Ãƒâ€šÃ‚Â»",8.6,2799,8.4,30, 20 November 2008,,See full summary,Mindy Kaling
73,5,The Surplus,"Michael has to spend the office surplus by they end of the day, but he can't decide between a copier or new chairs. Dwight plays a dirty trick on Angela as they prepare for Andy and Angela's wedding on the beet farm.",8.8,2776,8.33,22, 4 December 2008,,Paul Feig,Gene Stupnitsky | Lee Eisenberg
74,5,Moroccan Christmas,"Phyllis blackmails Angela into doing the work for the Christmas party, which Michael turns into an intervention after Meredith gets drunk and sets her hair on fire. Meanwhile, Dwight corners the market on a popular Christmas gift.",8.4,2613,8.79,30, 11 December 2008,,Paul Feig,Justin Spitzer
75,5,The Duel,"Moments before he leaves for New York for a meeting with David Wallace, Michael tells Andy that Angela and Dwight are seeing each other. Andy and Dwight then decide to have it out in the parking lot.",8.7,2711,8.5,30, 15 January 2009,,Dean Holland,Jennifer Celotta
76,5,Prince Family Paper,"Michael's conscience gets the best of him after he and Dwight go undercover to scout a family-run competitor. Back at the office, everyone else spends the day debating whether Hilary Swank is hot.",8,2615,8.74,22, 22 January 2009,,Asaad Kelada,B. J. Novak
77,5,Stress Relief,"Dwight's too-realistic fire alarm gives Stanley a heart attack. When he returns, Michael learns that he is the cause of Stanley's stress. To remedy the situation, he forces the office to throw a roast for him.",9.7,8170,22.91,60, 1 February 2009,"Cloris Leachman, Jack Black, Jessica Alba",Jeffrey Blitz,Paul Lieberstein
78,5,Lecture Circuit: Part 1,"While on lecture tour to other Dunder Mifflin branches, Michael and Pam discover that Jim's ex-girlfriend Karen is pregnant. At the office, Andy falls for a prospective client, and Jim and Dwight try to set up Kelly's birthday party.",8.2,2474,8.39,30, 5 February 2009,,Ken Kwapis,Mindy Kaling
79,5,Lecture Circuit: Part 2,"Michael and Pam go to Nashua and discover that Holly has a new boyfriend. At the office, Jim and Dwight try to come up with a theme for Kelly's birthday party, and Angela gets a new cat.",8.1,2431,8.89,30, 12 February 2009,,Ken Kwapis,Mindy Kaling
80,5,Blood Drive,"Michael holds a lonely hearts party on Valentine's Day at the office, hoping that he will run into a woman he met earlier that day at a blood drive. Meanwhile, Jim and Pam have an awkward lunch with Phillis and Bob Vance.",8,2464,8.63,22, 5 March 2009,,Randall Einhorn,Brent Forrester
81,5,Golden Ticket,"Michael asks Dwight to be the scapegoat for one of his business ideas that backfired badly on him. But when that idea has an unexpected positive upside, Dwight still takes credit and Michael becomes furious.",8.7,2667,7.51,30, 12 March 2009,,Randall Einhorn,Mindy Kaling
82,5,New Boss,"Michael gets upset when he gets a new boss to act as a buffer between him and David Wallace, and he gets even more upset when he disbands the Party Planning Committee and cancels Michael's fifteenth anniversary party.",8.3,2503,7.95,30, 19 March 2009,Idris Elba,Paul Feig,Lee Eisenberg | Gene Stupnitsky
83,5,Two Weeks,"As Michael prepares to leave Dunder Mifflin, he announces that he will form his own paper company. Will anybody join him?",8.4,2492,8.45,30, 26 March 2009,,Paul Lieberstein,Aaron Shure
84,5,Dream Team,Michael and Pam begin their first day as the Michael Scott Paper Company putting together the rest of the staff and trying to raise money.,8.3,2484,7.2,30, 9 April 2009,,Paul Feig,B. J. Novak
85,5,Michael Scott Paper Company,"Tension and disillusionment begin to emerge as Michael, Pam, and Ryan move the Michael Scott Paper Company into a cramped ""workspace"" at the business park.",8.7,2718,7.94,22, 9 April 2009,,Gene Stupnitsky,Justin Spitzer
86,5,Heavy Competition,"Dwight chooses loyalty to Dunder Mifflin over loyalty to Michael, which leads to a bitter battle between Michael and Dwight over Dwight's accounts. Back at Dunder Mifflin, Jim pretends to confide in Andy.",8.7,2568,8.24,30, 16 April 2009,,Ken Whittingham,Ryan Koh
87,5,Broke,"The Michael Scott Paper Company is gaining clients by offering lower prices than Dunder Mifflin, but is going broke in the process. However, Dunder Mifflin is losing clients to Michael, and is desperate to buy him out.",9.2,3409,7.21,30, 23 April 2009,,Steve Carell,Charlie Grandy
88,5,Casual Friday,"Michael returns to Dunder Mifflin and brings Ryan and Pam in as salespeople, but the existing salespeople demand that Michael return the clients they stole back to them. Meanwhile, some employees take the idea of Casual Friday too far.",8.3,2467,7.31,22, 30 April 2009,,Brent Forrester,Anthony Q. Farrell
89,5,Cafe Disco,"Michael tries to create a place to escape from work in the storage room that used to house the Michael Scott Paper Company, while Jim and Pam consider taking off and getting married that day.",8.7,2814,7.71,30, 7 May 2009,,Randall Einhorn,Warren Lieberstein | Halsted Sullivan
90,5,Company Picnic,"Michael runs into Holly at the company picnic, and the two of them accidentally reveal that the Buffalo branch is closing during a comedy skit before corporate has made the announcement.",9,2954,6.72,30, 14 May 2009,,Ken Kwapis,Jennifer Celotta | Paul Lieberstein
91,6,Gossip,"Michael regrets revealing that Stanley is having an affair, so he spreads a bunch of lies about everyone else to cover his tracks--except that one of the lies that he spread actually turns out to be true.",8.8,2866,8.2,30, 17 September 2009,,Paul Lieberstein,Paul Lieberstein
92,6,The Meeting,"Michael sabotages--then promotes--Jim's efforts at getting a promotion, while Dwight and Toby try to prove that Darryl has submitted a fraudulent medical claim.",8.1,2349,7.33,30, 24 September 2009,,Randall Einhorn,Aaron Shure
93,6,The Promotion,Jim discovers just how hard being the boss can be when David Wallace forces Michael and him to determine which employees will be getting a raise.,8,2344,7.28,30, 1 October 2009,,Jennifer Celotta,Jennifer Celotta
94,6,Niagara: Part 1,"The Office travels to Niagara Falls to celebrate Jim and Pam's wedding under strict orders not to mention Pam's pregnancy. Michael, Dwight, and Andy all want to hook up with guests at the wedding and Michael and Dwight meet twins.",9.4,4560,9.42,30, 8 October 2009,,Paul Feig,Greg Daniels | Mindy Kaling
95,6,Niagara: Part 2,"Pam is forced to deal with an embarrassing injury for Andy the night before her wedding, while Kevin deals with the loss of his dress shoes on the morning of the ceremony.",9.4,3114,9.42,19, 8 October 2009,,Paul Feig,Greg Daniels | Mindy Kaling
96,6,Mafia,Michael meets with an insurance salesman that visits the office and is later convinced by Dwight and Andy that he is part of the mafia.,7.6,2464,8.1,30, 15 October 2009,Mike Starr,David Rogers,Brent Forrester
97,6,The Lover,"Jim and Pam return from their honeymoon and learn, to their horror, that Michael is dating Pam's mom. Meanwhile, Dwight gives Jim a ""gift""--which actually has a listening device attached to it.",8.6,2590,8.52,30, 22 October 2009,,Lee Eisenberg,Lee Eisenberg | Gene Stupnitsky
98,6,Koi Pond,"Michael is upset when he becomes the butt of all the office jokes after he falls in a koi pond. Andy and Pam go out together on some cold calls, and everybody mistakes them as a married couple.",8.2,2348,8.2,30, 29 October 2009,,Reginald Hudlin,Warren Lieberstein | Halsted Sullivan
99,6,Double Date,"Michael sparks more anger from Pam when he breaks up with her mom on her birthday after he finds out she's 58, and Dwight unsuccessfully tries to get everyone in the office to owe him a favor.",8.1,2314,7.94,30, 5 November 2009,,Seth Gordon,Charlie Grandy
100,6,Murder,"The entire office is preoccupied about rumors of Dunder Mifflin's bankruptcy. Michael tries to create a distraction by engaging everyone in murder-mystery game, but Jim wonders if that is a good idea.",8.7,2761,7.76,23, 12 November 2009,,Greg Daniels,Daniel Chun
101,6,Shareholder Meeting,"Michael speaks out of line at the Dunder Mifflin shareholders meeting and creates a big problem for management, while Jim discovers that nobody in the office thinks he's the ""real"" boss.",8.2,2336,7.43,30, 19 November 2009,,Charles McDougall,Justin Spitzer
102,6,Scott's Tots,"Ten years ago, Michael promised a group of third graders he would pay for their college tuition if they graduated. Now comes time to pay, and he can't do it. At the office, Dwight's employee of the month idea gets Jim in big trouble.",8.3,2681,8.1,30, 3 December 2009,,B.J. Novak,Gene Stupnitsky | Lee Eisenberg
103,6,Secret Santa,"Michael gets upset when Jim promises Phyllis that she can be the office Santa, but the office Christmas party may be overshadowed by some bad news from David Wallace.",8.5,2467,8.51,30, 10 December 2009,,Randall Einhorn,Mindy Kaling
104,6,The Banker,A banker representing a potential buyer comes to the Scranton branch to interview the H.R. department before the sale goes through.,6.8,3039,7.29,30, 21 January 2010,,Jeffrey Blitz,Jason Kessler
105,6,Sabre,"Michael hates the changes that Dunder Mifflin's new owner is implementing, so he turns to David Wallace for advice. Jim and Pam find the perfect day care center, but Jim's mistake threatens to ruin the interview.",7.7,2251,7.36,30, 4 February 2010,Christian Slater,John Krasinski,Jennifer Celotta
106,6,Manager and Salesman,"Sabre's CEO wants the Scranton branch to have one manager, and Michael voluntarily steps down and lets Jim become the boss when he finds out that salespeople make more money. However, he soon comes to regret the decision.",8.1,2223,7.4,30, 11 February 2010,,Marc Webb,Mindy Kaling
107,6,The Delivery: Part 1,"Pam goes into labor and Jim is ready to take her to the hospital, but she refuses to go. Meanwhile, inspired by Pam and Jim's baby, Dwight and Angela try to reach a ""business agreement"" to have a baby of their own.",8.4,2347,9,30, 4 March 2010,,Seth Gordon,Daniel Chun
108,6,The Delivery: Part 2,"After the baby is born, Pam has trouble getting the baby to breastfeed. At the office, Michael takes credit for hooking Jim and Pam up, and tries to do the same thing for Kevin and Erin, making Andy jealous.",8.5,2370,9,30, 4 March 2010,Mellisa Rauch,Harold Ramis,Daniel Chun
109,6,St. Patrick's Day,"It's St. Patrick's Day, and the CEO forces the office to work late because she won't leave. In addition, Michael unsuccessfully tries to suck up to his new boss, and Andy and Erin's first date is delayed because Erin is sick.",7.7,2196,7.51,30, 11 March 2010,,Randall Einhorn,Jonathan Hughes
110,6,New Leads,"When the sales staff begins trying to boss around everyone in the office, Michael tries to teach them a lesson by withholding a valuable set of sales leads.",7.7,2154,7.63,23, 18 March 2010,,Brent Forrester,Brent Forrester
111,6,Happy Hour,"Oscar gets everybody in the office to go to Happy Hour so that he can hit on a coworker in shipping. Pam tries to set up Michael with a friend at the bar, but Michael's alter ego, ""Date Mike,"" threatens to spoil the entire evening.",8.6,2503,7.17,30, 25 March 2010,,Matt Sohn,B. J. Novak
112,6,Secretary's Day,"Michael creates problems for Andy on Secretary's Day when he tells Erin that Andy was engaged to Angela, and Kevin is upset after Oscar makes a video comparing Kevin to Cookie Monster.",7.8,2168,6.3,30, 22 April 2010,,Steve Carell,Mindy Kaling
113,6,Body Language,"Michael is hopeful that a potential client is interested in him, but everyone in the office except Pam thinks he's wasting his time. Meanwhile, Dwight recruits Kelly to apply for the Sabre minority management training program.",8,2197,7.01,30, 29 April 2010,,Mindy Kaling,Justin Spitzer
114,6,The Cover-Up,"Michael becomes convinced that Donna is having an affair and puts Dwight on the case, but Pam soon discovers that the suspicions may be true. Meanwhile, Darryl gets revenge on Andy for an earlier incident.",8.1,2199,6.84,30, 6 May 2010,,Rainn Wilson,Gene Stupnitsky | Lee Eisenberg
115,6,The Chump,"Michael continues to see Donna even after learning she's married and meeting her husband, Dwight and Angela take their baby contract to an arbitrator, and Jim and Pam struggle to stay awake at the office.",7.8,2113,6.6,30, 13 May 2010,,Randall Einhorn,Aaron Shure
116,6,Whistleblower,"Jo comes to the Scranton branch to find the whistle-blower. However, three different people have confessed to Michael, Michael is protecting them, and the person most people think is the culprit is keeping his mouth shut.",8,2184,6.6,30, 20 May 2010,,Paul Lieberstein,Warren Lieberstein | Halsted Sullivan
117,7,Nepotism,"Everybody demands that Michael fire the new office assistant, but he won't because he's his nephew. Meanwhile, Pam tries to play a prank on Dwight, who has bought the office building, to make up for ruining Jim's prank.",8.4,2520,8.4,30, 23 September 2010,Evan Peters,Jeffrey Blitz,Daniel Chun
118,7,Counseling,"Michael is forced to go through counseling with Toby, Dwight seeks revenge on a local mall that refused his business, and Pam tries to fake her way to a promotion.",8.2,2272,7.36,30, 30 September 2010,,Jeffrey Blitz,B. J. Novak
119,7,Andy's Play,"Andy invites the entire office to watch him in the community theater production of ""Sweeney Todd,"" but Erin decides to babysit for Jim and Pam instead, and Michael is upset because he auditioned for the lead and didn't get it.",8.2,2413,6.95,30, 7 October 2010,,John Scott,Charlie Grandy
120,7,Sex Ed,"A herpes scare causes Michael to get back in touch with his ex-girlfriends, where he decides to reevaluate those relationships. Meanwhile, Andy tries to teach safe sex to his officemates, but he has a clear ulterior motive.",7.8,2209,7.36,30, 14 October 2010,,Paul Lieberstein,Paul Lieberstein
121,7,The Sting,"Michael organizes a sting operation to find out the secrets of a rival paper company's salesman who is stealing Dunder Mifflin's clients, and Andy gets Darryl's help to form a band.",7.8,2156,6.87,30, 21 October 2010,Timothy Olyphant,Randall Einhorn,Mindy Kaling
122,7,Costume Contest,"It's Halloween at Dunder Mifflin, and Michael is upset that Darryl went over his head with an idea, and Jim and Pam are obsessed with finding out why Danny didn't call Pam back when they were dating four years ago.",8.2,2249,8.07,30, 28 October 2010,,Dean Holland,Justin Spitzer
123,7,Christening,"During Jim and Pam's daughter's christening, Michael becomes upset over the lack of family-like unity between himself and his employees. So he responds by impulsively joining a teenage church mission to Mexico.",7.4,2238,7.65,23, 4 November 2010,,Alex Hardcastle,Peter Ocko
124,7,Viewing Party,"Michael sabotages Erin's ""Glee"" viewing party because of his contempt for Gabe, Jim and Pam discover that Dwight can keep their daughter from crying, and Andy has a bad reaction to a mixture of wine and a Japanese stimulant.",7.8,2200,7.15,30, 11 November 2010,,Ken Whittingham,Jon Vitti
125,7,WUPHF.com,"Some co-workers who invested in Ryan's Internet venture want him to sell, but Michael refuses to go along. Meanwhile, Jim loses his motivation to work when he reaches his commission cap, ...
                    See full summaryÃƒâ€šÃ‚Â Ãƒâ€šÃ‚Â»",7.7,2141,7.28,30, 18 November 2010,,See full summary,Aaron Shure
126,7,China,"Pam stands up to Dwight when he makes cutbacks to save money in the building, but will Dwight have the last laugh? Meanwhile, the office is surprised and energized when Michael outsmarts Oscar in a debate about China.",8.2,2246,7.31,30, 2 December 2010,,Charles McDougall,Halsted Sullivan | Warren Lieberstein
127,7,Classy Christmas,"Michael throws an elaborate Christmas party to celebrate Holly's temporary return to the Scranton branch, but is disappointed when he learns that she still has a boyfriend.",9,2878,7.18,60, 9 December 2010,,Rainn Wilson,Mindy Kaling
128,7,Ultimatum,"Michael gets upset when Holly returns from the holidays without an engagement ring, but still together with her boyfriend. Meanwhile, Pam tries to help her co-workers keep with their New Year's resolutions.",8.3,2282,8.26,30, 20 January 2011,,David Rogers,Carrie Kemper
129,7,The Seminar,"Andy tries to host a small business seminar at the office. Michael agrees to help by posing as a Greek entrepreneur, and tries to get Holly to play along.",7.6,2171,7.93,30, 27 January 2011,Ricky Gervais,B.J. Novak,Steve Hely
130,7,The Search,"When Jim gets an emergency phone call from Helene, he is forced to leave Michael in the bathroom of a gas station. Meanwhile, Holly, Erin, and Dwight set out on a journey to find Michael. ...
                    See full summaryÃƒâ€šÃ‚Â Ãƒâ€šÃ‚Â»",8.5,2369,7.29,30, 3 February 2011,"Will Arnett,  Ray Romano, Jim Carrey, Ricky Gervais",See full summary,Brent Forrester
131,7,PDA,"It's Valentine's Day, and the office is fed up with Michael and Holly's PDA, Andy helps Erin solve Gabe's riddles to find her gift, and Jim and Pam get drunk and try to find a place in the office to have sex.",8.4,2347,6.9,22, 10 February 2011,,Greg Daniels,Robert Padnick
132,7,Threat Level Midnight,"Michael finally finishes his movie ""Threat Level Midnight"" and screens it for his employees at Dunder Mifflin, but Holly is less than enthusiastic for his finished product.",9.4,4877,6.41,30, 17 February 2011,,Tucker Gates,B. J. Novak
133,7,Todd Packer,"Everyone is up in arms after Michael convinces Holly to give Todd Packer an office job, and Andy gets upset after Pam gets a new computer for reception but not for him.",7.5,2123,6.12,30, 24 February 2011,,Randall Einhorn,Amelie Gillette
134,7,Garage Sale,"Michael plans to propose to Holly the day of the Dunder Mifflin garage sale, but Holly may have to take an extended leave of absence to Colorado because her father is sick.",9.3,3730,7.07,30, 24 March 2011,,Steve Carell,Jon Vitti
135,7,Training Day,"Michael makes fast friends with the man coming in to replace him at Dunder Mifflin, but later begins to have second thoughts after seeing him in action.",7.8,2215,7.87,30, 14 April 2011,Will Ferrell,Paul Lieberstein,Daniel Chun
136,7,Michael's Last Dundies,"Michael hosts his final ""Dundies"" as the boss at the Scranton branch, but tension is in the air, and Deangelo Vickers, the new boss, is having trouble with his co-hosting duties.",9,3039,6.85,23, 21 April 2011,,Mindy Kaling,Mindy Kaling
137,7,"Goodbye, Michael","As the office gets ready for Michael's final day at Dunder Mifflin, Michael doesn't tell anyone that he's leaving a day early. Meanwhile, Deangelo accompanies a nervous Andy on a visit to one of Michael's old clients.",9.8,8059,8.42,50, 28 April 2011,,Paul Feig,Greg Daniels
138,7,The Inner Circle,"Tensions rise and feelings are hurt when Deangelo creates an ""inner circle"" at the office--which is only composed of men.",7.6,2183,6.9,23, 5 May 2011,,Matt Sohn,Charlie Grandy
139,7,"Dwight K. Schrute, (Acting) Manager","When Jim rejects Jo's offer, Dwight becomes acting manager at the Scranton branch, but an accident could cause his tenure to be short-lived.",8.7,2414,6.45,23, 12 May 2011,,Troy Miller,Justin Spitzer
140,7,Search Committee,"The Scranton branch puts together a search committee to find the next boss, but the pool of interviewees proves to be less than impressive, and Dwight demands an interview in spite of his gun accident.",8.8,2623,7.29,42, 19 May 2011,,Jeffrey Blitz,Paul Lieberstein
141,8,The List,"New Dunder Mifflin CEO Robert California leaves a piece of paper with a line down the middle that has names of the Scranton staff on either side of it, leading everyone to try and figure out what it means.",8.1,2366,7.64,23, 22 September 2011,,B.J. Novak,B. J. Novak
142,8,The Incentive,"Under pressure from Robert to increase branch sales, Andy offers an incentive program to the sales staff, which backfires on him when he offers a very personal grand prize.",8.1,2200,6.7,23, 29 September 2011,,Charles McDougall,Paul Lieberstein
143,8,Lotto,"After the entire warehouse staff wins the lottery and quits their job, Darryl becomes depressed and demands to be fired. Meanwhile, the office staff is forced to load the truck for their orders themselves.",7.3,2098,5.82,23, 6 October 2011,,John Krasinski,Charlie Grandy
144,8,Garden Party,"Andy claims to be throwing a garden party at Dwight's farm to impress Robert California, but he's really doing it to win the approval of his parents, who appear to favor his younger brother.",8.1,2266,6.08,23, 13 October 2011,"Josh Groban, Stephen Collins",David Rogers,Justin Spitzer
145,8,Spooked,"Erin is worried that she is about to get fired after she organizes a disastrous office Halloween party for Robert and his son. Meanwhile, Robert probes the minds of the employees to come up with the perfect spooky story.",7.5,2024,5.53,23, 27 October 2011,,Randall Einhorn,Carrie Kemper
146,8,Doomsday,"Dwight installs a ""Doomsday Device"" on the office computers that could get everyone fired if they make too many mistakes, while Gabe tries to hit on one of Darryl's warehouse employees.",7.7,1948,6.15,23, 3 November 2011,,Troy Miller,Daniel Chun
147,8,Pam's Replacement,"A pregnant and insecure Pam tries to prove that Jim is attracted to her temp replacement, and Robert and his musician friends take over a jam session with Andy, Kevin, and Darryl.",7.7,2077,5.96,23, 10 November 2011,,Matt Sohn,Allison Silverman
148,8,Gettysburg,Andy decides to motivate and inspire everyone by taking them on a field trip to Gettysburg. Some people in the office stay behind and Robert California asks them to come up with Dunder Mifflin/Sabre's next big idea.,6.9,2089,5.5,23, 17 November 2011,,Jeffrey Blitz,Robert Padnick
149,8,Mrs. California,"Robert brings his wife to the office so that she can find a job, but he gives Andy conflicting messages about whether to hire her. Meanwhile, Dwight opens a gym in the building and tries to persuade Darryl to join.",7.7,2050,5.71,23, 1 December 2011,Maura Tierney,Charlie Grandy,Dan Greaney
150,8,Christmas Wishes,"Andy tries to make this year's Christmas the best ever by granting each person's holiday wishes. Meanwhile, Robert California tries to drown his sorrows at the office party.",7.9,2020,5.79,23, 8 December 2011,,Ed Helms,Mindy Kaling
151,8,Trivia,"Andy hopes to make up for a sales deficiency by entering and winning a bar trivia competition, while Dwight flies to corporate headquarters in Florida to demand a management interview with Robert.",7.9,1980,5.9,23, 12 January 2012,,B.J. Novak,Steve Hely
152,8,Pool Party,"Robert throws a party for the Dunder Mifflin staff at his house before he sells it because of his divorce. At the party, Erin and Dwight agree to flirt with each other to make Andy jealous, and Jim tries in vain to duck out early.",8,2139,6.02,23, 19 January 2012,,Charles McDougall,Owen Ellickson
153,8,Jury Duty,"Jim gets caught in a lie about his week of ""jury duty,"" and new questions emerge when Angela gives birth to a ""premature"" baby.",7.4,1937,5.31,23, 2 February 2012,,Eric Appel,Aaron Shure
154,8,Special Project,"Andy puts Dwight in charge of a special project in Tallahassee, but Dwight doesn't like the team Andy's assembled for him. Meanwhile, Darryl tries to figure out the meaning of Val's Valentine's gift.",7.7,1891,5.19,23, 9 February 2012,,David Rogers,Amelie Gillette
155,8,Tallahassee,"Dwight refuses to let appendicitis get in the way of leading his new team in Tallahassee, while Andy decides to step in for Erin as secretary in the office.",7.8,1994,4.38,23, 16 February 2012,,Matt Sohn,Daniel Chun
156,8,After Hours,"In Tallahassee, Dwight and Todd Packer try to romance Nellie to get the VP position, while Jim wonders if a colleague is trying to hit on him. Back in Scranton, Val's boyfriend shows up with a message for Darryl.",8.1,2068,5.02,23, 23 February 2012,,Brian Baumgartner,Halsted Sullivan | Warren Lieberstein
157,8,Test the Store,"Dwight and his team get ready for the grand opening of the Sabre Store, while Andy makes Toby teach self-defense to the Scranton branch employees after he is beat up in the parking lot by a girl.",7.8,1958,4.95,23, 1 March 2012,,Brent Forrester,Mindy Kaling
158,8,Last Day in Florida,"Jim tries to warn Dwight that he's going to be fired after Robert rejects the Sabre Store idea, but he refuses to listen. Meanwhile, Darryl and Toby try to sell cookies to Kevin, and Erin tells Andy she's not coming back from Florida.",7.8,1903,4.89,23, 8 March 2012,,Matt Sohn,Robert Padnick
159,8,Get the Girl,"Andy goes to Tallahassee to tell Erin that he loves her and needs her to return to Scranton. Meanwhile, Nellie shows up in Scranton and tries to claim Andy's manager position by offering everyone raises.",6.6,2203,4.87,23, 15 March 2012,,Rainn Wilson,Charlie Grandy
160,8,Welcome Party,"Andy tries to break up with his girlfriend after going to Florida to declare his love for Erin, and the office employees are forced against their will to throw a party for the hated Nellie.",7.1,1972,4.39,23, 12 April 2012,,Ed Helms,Steve Hely
161,8,Angry Andy,"Andy and Erin return to Dunder Mifflin, only to discover that Nellie has taken his job and office and refuses to give them up. Meanwhile, Ryan becomes jealous after Pam tries to play matchmaker for Kelly.",7,2107,4.35,23, 19 April 2012,,Claire Scanlon,Justin Spitzer
162,8,Fundraiser,Andy confronts Robert for the first time after losing the manager position and quitting his job at a fund raiser sponsored by Angela's husband.,7,1902,4.17,23, 26 April 2012,,David Rogers,Owen Ellickson
163,8,Turf War,"Dwight and Jim fight with the Syracuse over a client after Robert shuts down the Binghamton branch, and Andy sees an opportunity for revenge. Meanwhile Robert tries to figure out the contents of a drunken voicemail to Nellie.",7.6,1832,4.44,23, 3 May 2012,Chris Bauer,Daniel Chun,Warren Lieberstein | Halsted Sullivan
164,8,Free Family Portrait Studio,"With former CEO David Wallace's help, Andy launches a plan to get revenge on the Scranton branch. Meanwhile, Dwight launches his own plan to find out if he's the father of Angela's baby.",7.7,1918,4.49,23, 10 May 2012,,B.J. Novak,B. J. Novak
165,9,New Guys,"Dwight and Jim are intimidated by the office's newest additions, who are considered younger versions of themselves. Meanwhile, Andy tries to make Nellie's life miserable, and Angela tries to get rid of one of her cats.",7.6,2074,4.28,23, 20 September 2012,,Greg Daniels,Greg Daniels
166,9,Roy's Wedding,"After Roy's wedding, Jim and Pam wonder if they still have any secrets they're hiding from each other. Meanwhile, Clark tricks Erin into a ""news audition,"" and Dwight challenges Nellie's new charity initiative.",7.1,1963,4.13,23, 27 September 2012,,Matt Sohn,Allison Silverman
167,9,Andy's Ancestry,"Nellie plays a trick on Andy after researching his ancestry, Dwight teaches Erin a new language, and Pam tries to teach Nellie how to drive.",7.4,1938,4.14,23, 4 October 2012,,David Rogers,Jonathan Green | Gabe Miller
168,9,Work Bus,"When Jim convinces Dwight that the building is unsafe, Dwight rents a bus and sets up the office inside. Nellie asks for Andy's help in adopting a baby. Meanwhile, Jim tries to make Pam happy with some pie.",7.8,2059,4.28,22, 18 October 2012,,Bryan Cranston,Brent Forrester
169,9,Here Comes Treble,"On Halloween, the Cornell a Capella group pays a visit to Andy, Dwight discovers that Nellie takes anxiety pills, and Pam disapproves of Jim's business decision.",7,2021,4,22, 25 October 2012,Stephen Colbert,Claire Scanlon,Owen Ellickson
170,9,The Boat,"Andy has one last chance to captain the family boat before he sells it, Jim, Pam, and Nellie prank Dwight with a radio interview, and Kevin finds out about Oscar's affair with Angela's husband.",7.7,1955,4.83,22, 8 November 2012,Josh Groban,John Krasinski,Dan Sterling
171,9,The Whale,"The office trains Dwight to sell to a female client without being offensive, only to discover that the client is Jan Levinson. Angela and Oscar both think the senator is cheating on them, ...
                    See full summaryÃƒâ€šÃ‚Â Ãƒâ€šÃ‚Â»",7.6,1872,4.16,22, 15 November 2012,,See full summary,Carrie Kemper
172,9,The Target,"Angela orders a hit on Oscar for cheating with her husband, the office makes a tower with their customer complaint cards, Jim wines and dines Stanley and Phyllis in exchange for a favor, and Pam begins her mural.",7.8,1928,3.88,22, 29 November 2012,,Brent Forrester,Graham Wagner
173,9,Dwight Christmas,"Dwight puts together a Pennsylvania Dutch-themed office Christmas party, but he ends it abruptly because Jim has to leave for his other job. Meanwhile, Erin seeks comfort from a co-worker after a disappointing text from Andy.",8.4,2204,4.16,22, 6 December 2012,,Charles McDougall,Robert Padnick
174,9,Lice,"Pam causes a lice outbreak but lets Meredith take the blame, Jim has a business meeting with Dr. J, and some coworkers try to get Darryl and Val back together.",7.6,1952,4.54,22, 10 January 2013,Julius Winfield Erving,Rodman Flender,Niki Schwartz-Wright
175,9,Suit Warehouse,"Dwight and Clark pose as father and son to get an account, Darryl goes for an interview with Jim's new business, and everybody in the office goes crazy over a new espresso machine.",7.8,1920,4.15,22, 17 January 2013,,Matt Sohn,Dan Greaney
176,9,Customer Loyalty,"Dwight tries to keep Daryl from leaving Dunder Mifflin, Jim misses his daughter's recital because of an important business meeting, and Nellie is worried that Erin will dump Andy for Pete.",7.9,1984,4.19,22, 24 January 2013,,Kelly Cantley-Kashima,Jonathan Green | Gabe Miller
177,9,Junior Salesman,Dwight gets to hire a new salesman to replace Jim when he is at his other job. But will he promote Clark or go with one of his unqualified friends instead?,7.6,1866,4.45,22, 31 January 2013,,David Rogers,Carrie Kemper
178,9,Vandalism,"Pam tries to find out who vandalized her mural, Darryl finds out that Jim is a slob, and Oscar and Kevin go to Angela and The Senator's child's first birthday party.",7.5,1866,3.97,22, 31 January 2013,,Lee Kirk,Owen Ellickson
179,9,Couples Discount,"Andy returns after three months to an angry office and an even angrier girlfriend, and Jim's Valentines Day with Pam does not go as planned.",7.3,1888,4.15,22, 7 February 2013,,Troy Miller,Allison Silverman
180,9,Moving On,"Andy finds out that Erin dumped him for Pete, Dwight gets Angela's help taking care of his aunt, and Pam interviews with a real estate firm whose boss is a carbon-copy of Michael Scott.",8.1,2089,4.06,42, 14 February 2013,,Jon Favreau,Graham Wagner
181,9,The Farm,Show follows Dwight Schrute a beet farmer running a bed and breakfast inn.,7.5,2189,3.54,22, 14 March 2013,,Paul Lieberstein,Paul Lieberstein
182,9,Promos,"The release of the documentary promos creates tension for the Dunder Mifflin employees, Dwight considers a business venture with his girlfriend's family, and Jim and Darryl have an awkward business meeting with baseball player Ryan Howard.",8,1924,3.44,22, 4 April 2013,Ryan Howard,Jennifer Celotta,Tim McAuliffe
183,9,Stairmageddon,"Dwight shoots Stanley with a bull tranquilizer after he refuses to go on a sales call, Jim and Pam head to marriage counseling, The Senator comes out of the closet, and Andy tries to find a talent agent.",8,1985,3.83,22, 11 April 2013,,Matt Sohn,Dan Sterling
184,9,Paper Airplane,"The employees hold a paper airplane competition, Andy gets an acting role in a workplace safety video, and Jim and Pam's marriage tensions continue to build.",8,2007,3.25,22, 25 April 2013,,Jesse Peretz,Halsted Sullivan | Warren Lieberstein
185,9,Livin' the Dream,"Dwight becomes regional manager after Andy quits his job, Jim dedicates more time to his Dunder Mifflin job to save his marriage, and Angela has problems with her new living arrangements after her breakup with The Senator.",9,2831,3.51,42, 2 May 2013,Michael Imperioli ,Jeffrey Blitz,Niki Schwartz-Wright
186,9,A.A.R.M.,"Dwight prepares for a marriage proposal and hires an assistant for his assistant, Andy auditions for a singing program, Darryl tries to leave his job without a fuss, and Pam has second thoughts about Jim staying in Scranton.",9.5,3914,4.56,43, 9 May 2013,,David Rogers,Brent Forrester
187,9,Finale,"One year later, Dunder Mifflin employees past and present reunite for a panel discussion about the documentary and to attend Dwight and Angela's wedding.",9.8,10515,5.69,51, 16 May 2013,"Joan Cusack, Ed Begley Jr, Rachel Harris, Nancy Walls",Ken Kwapis,Greg Daniels
